-- --------------------------------------------------------
-- Host:                         database-3.c70m1zivxcy1.eu-central-1.rds.amazonaws.com
-- Server version:               10.6.7-MariaDB-log - managed by https://aws.amazon.com/rds/
-- Server OS:                    Linux
-- HeidiSQL Version:             11.3.0.6295
-- --------------------------------------------------------

/*!40101 SET @OLD_CHARACTER_SET_CLIENT=@@CHARACTER_SET_CLIENT */;
/*!40101 SET NAMES utf8 */;
/*!50503 SET NAMES utf8mb4 */;
/*!40014 SET @OLD_FOREIGN_KEY_CHECKS=@@FOREIGN_KEY_CHECKS, FOREIGN_KEY_CHECKS=0 */;
/*!40101 SET @OLD_SQL_MODE=@@SQL_MODE, SQL_MODE='NO_AUTO_VALUE_ON_ZERO' */;
/*!40111 SET @OLD_SQL_NOTES=@@SQL_NOTES, SQL_NOTES=0 */;

-- Dumping data for table smart-garage.bookings: ~6 rows (approximately)
DELETE FROM `bookings`;
/*!40000 ALTER TABLE `bookings` DISABLE KEYS */;
INSERT INTO `bookings` (`booking_id`, `vehicle_id`, `date`) VALUES
	(8, 12, '2022-04-27 12:44:17'),
	(9, 10, '2022-04-27 19:14:56'),
	(10, 8, '2022-04-27 19:19:34'),
	(11, 6, '2022-04-27 19:20:39'),
	(12, 13, '2022-04-27 19:21:37'),
	(13, 9, '2022-04-27 19:23:45');
/*!40000 ALTER TABLE `bookings` ENABLE KEYS */;

-- Dumping data for table smart-garage.bookings_services: ~13 rows (approximately)
DELETE FROM `bookings_services`;
/*!40000 ALTER TABLE `bookings_services` DISABLE KEYS */;
INSERT INTO `bookings_services` (`service_id`, `booking_id`, `service_type_id`, `price`) VALUES
	(12, 8, 1, 4.2),
	(13, 8, 3, 42),
	(14, 8, 6, 420),
	(15, 9, 23, 50.5),
	(16, 9, 10, 68.34),
	(17, 10, 40, 350.35),
	(18, 10, 38, 220),
	(19, 11, 35, 2.51),
	(20, 11, 42, 3.58),
	(21, 12, 28, 330.01),
	(22, 12, 12, 303),
	(23, 12, 33, 313.03),
	(24, 13, 13, 0);
/*!40000 ALTER TABLE `bookings_services` ENABLE KEYS */;

-- Dumping data for table smart-garage.brands: ~126 rows (approximately)
DELETE FROM `brands`;
/*!40000 ALTER TABLE `brands` DISABLE KEYS */;
INSERT INTO `brands` (`brand_id`, `name`) VALUES
	(3, 'Acura'),
	(4, 'Alfa Romeo'),
	(5, 'Alkanes'),
	(6, 'Artic Cat'),
	(7, 'Aston Martin'),
	(8, 'Audi'),
	(9, 'Bentley'),
	(10, 'Blaw Knox'),
	(11, 'Blued Birt'),
	(12, 'BMW'),
	(13, 'Bobcat'),
	(14, 'Bote'),
	(15, 'Brilliance'),
	(16, 'Bross'),
	(17, 'Buggi'),
	(18, 'Buick'),
	(19, 'BYD'),
	(20, 'Cadillac'),
	(21, 'Can-Am'),
	(22, 'Case'),
	(23, 'Caterpillar'),
	(24, 'CF Moto'),
	(25, 'Chana'),
	(26, 'Chery'),
	(27, 'Chevrolet'),
	(28, 'Chevy'),
	(29, 'Chrysler'),
	(30, 'Cigarette'),
	(31, 'Citroen'),
	(32, 'Club Car'),
	(33, 'Cola'),
	(34, 'Daewoo'),
	(35, 'Daihatsu'),
	(36, 'Datsun'),
	(37, 'DFM'),
	(38, 'Dodge'),
	(39, 'Dongfeng'),
	(40, 'Donzi'),
	(41, 'Ducati'),
	(42, 'Ferrari'),
	(43, 'Fiat'),
	(44, 'Ford'),
	(45, 'Foton'),
	(46, 'Freightliner'),
	(47, 'Gac Gonow'),
	(48, 'Geo'),
	(49, 'GMC'),
	(50, 'Golden Dragon'),
	(51, 'Harley Davidson'),
	(52, 'Hino'),
	(53, 'Honda'),
	(54, 'Hummer'),
	(55, 'Husqvarna'),
	(56, 'Hyundai'),
	(57, 'Infiniti'),
	(58, 'Ingersoll Rand'),
	(59, 'International'),
	(60, 'Isuzu'),
	(61, 'Jac'),
	(62, 'Jaguar'),
	(63, 'Jayco'),
	(64, 'JCB'),
	(65, 'Jeep'),
	(66, 'Jin-Bei'),
	(67, 'JMC'),
	(68, 'Karma'),
	(69, 'Kawasaki'),
	(70, 'Kenworth'),
	(71, 'Kia'),
	(72, 'Kintgstar'),
	(73, 'Lamborghini'),
	(74, 'Land Rover'),
	(75, 'Laymor'),
	(76, 'Lexus'),
	(77, 'Lifan'),
	(78, 'Lincoln'),
	(79, 'Loncin'),
	(80, 'Lotus'),
	(81, 'Luxgen'),
	(82, 'Mack'),
	(83, 'Magnum'),
	(84, 'Maserati'),
	(85, 'Maxus'),
	(86, 'Mazda'),
	(87, 'McLaren'),
	(88, 'Mercedes-Benz'),
	(89, 'Mercury'),
	(90, 'MG'),
	(91, 'Mini'),
	(92, 'Mitsubishi'),
	(93, 'New Holland'),
	(94, 'Nissan'),
	(95, 'Peterbilt'),
	(96, 'Peugeot'),
	(97, 'PGO'),
	(98, 'Pierce'),
	(99, 'Polaris'),
	(100, 'Pontiac'),
	(101, 'Porsche'),
	(102, 'Renault'),
	(103, 'Rolls Royce'),
	(104, 'Samsung'),
	(105, 'Scania'),
	(106, 'Sea'),
	(107, 'Sea Doo'),
	(108, 'Seat'),
	(109, 'Shineray'),
	(110, 'Skoda'),
	(111, 'Smart'),
	(112, 'SsangYong'),
	(113, 'Sterlin'),
	(114, 'Subaru'),
	(115, 'Suzuki'),
	(116, 'Tesla'),
	(117, 'Thomas'),
	(118, 'Tiara'),
	(119, 'Toyota'),
	(120, 'Trailer'),
	(121, 'Triumph'),
	(122, 'Vespa'),
	(123, 'Volkswagen'),
	(124, 'Voltrailer'),
	(125, 'Volvo'),
	(126, 'Yamaha'),
	(127, 'Yamoto'),
	(128, 'Opel');
/*!40000 ALTER TABLE `brands` ENABLE KEYS */;

-- Dumping data for table smart-garage.models: ~704 rows (approximately)
DELETE FROM `models`;
/*!40000 ALTER TABLE `models` DISABLE KEYS */;
INSERT INTO `models` (`model_id`, `brand_id`, `name`) VALUES
	(3, 12, 'Serie 1'),
	(4, 12, 'GS'),
	(5, 12, 'Serie 3'),
	(6, 12, 'Serie 5'),
	(7, 12, 'Serie 7'),
	(8, 12, 'Serie 6'),
	(9, 12, 'Serie M'),
	(10, 12, 'Serie X'),
	(11, 12, 'Serie Z'),
	(12, 12, 'R 1200'),
	(13, 12, 'F-800'),
	(14, 12, '525 Xi'),
	(15, 12, 'Serie 4'),
	(16, 12, 'B7'),
	(17, 62, 'S-Type'),
	(18, 62, 'X J'),
	(19, 62, 'XF'),
	(20, 62, 'XKR'),
	(21, 62, 'XK'),
	(22, 62, 'F-Type'),
	(23, 62, 'F-Pace'),
	(24, 8, 'A4'),
	(25, 8, 'A6'),
	(26, 8, 'TT'),
	(27, 8, 'A3'),
	(28, 8, 'S4'),
	(29, 8, 'S8'),
	(30, 8, 'A8'),
	(31, 8, 'Q7'),
	(32, 8, 'R8'),
	(33, 8, 'Q5'),
	(34, 8, 'A5'),
	(35, 8, 'Q3'),
	(36, 8, 'A7'),
	(37, 8, 'S7'),
	(38, 8, 'A1'),
	(39, 8, 'S6'),
	(40, 8, 'S3'),
	(41, 102, 'Mégane'),
	(42, 102, 'Clio'),
	(43, 102, 'Kangoo'),
	(44, 102, 'Logan'),
	(45, 102, 'Sandero'),
	(46, 102, 'Koleos'),
	(47, 102, 'Duster'),
	(48, 102, 'Fluence'),
	(49, 102, 'Dokker'),
	(50, 102, 'Midlum'),
	(51, 92, 'Canter'),
	(52, 92, 'Galant'),
	(53, 92, 'L 200'),
	(54, 92, 'L 300'),
	(55, 92, 'Lancer'),
	(56, 92, 'Mirage'),
	(57, 92, 'Montero'),
	(58, 92, 'Montero Sport'),
	(59, 92, 'Nativa'),
	(60, 92, 'Outlander'),
	(61, 92, 'Fuso'),
	(62, 92, 'Space Wagon'),
	(63, 92, 'Evolution'),
	(64, 92, 'Endeavor'),
	(65, 92, 'Montero Pajero'),
	(66, 92, 'Rosa'),
	(67, 92, 'ASX'),
	(68, 110, 'Fabia'),
	(69, 110, 'Octavia'),
	(70, 110, 'Superb'),
	(71, 110, 'Rapid'),
	(72, 20, 'Escalade'),
	(73, 20, 'Fletwood'),
	(74, 20, 'De Ville'),
	(75, 20, 'CTS'),
	(76, 88, 'Clase G'),
	(77, 88, 'Clase R'),
	(78, 88, 'Clase GL'),
	(79, 88, 'Clase SLK'),
	(80, 88, 'Smart'),
	(81, 88, 'Clase GLK'),
	(82, 88, 'Clase C'),
	(83, 88, 'Clase CL'),
	(84, 88, 'Clase CLK'),
	(85, 88, 'Clase CLS'),
	(86, 88, 'Clase E'),
	(87, 88, 'Clase ML'),
	(88, 88, 'Clase S'),
	(89, 88, 'Clase SL'),
	(90, 88, '1411'),
	(91, 88, 'Sprinter'),
	(92, 88, 'Clase CLA'),
	(93, 88, 'Clase GLA'),
	(94, 88, 'Clase GLE'),
	(95, 88, 'Grua Volteo'),
	(96, 88, 'Clase GLC'),
	(97, 88, 'Viano'),
	(98, 88, 'Clase GLS'),
	(99, 101, '911'),
	(100, 101, 'Boxster'),
	(101, 101, 'Carrera'),
	(102, 101, 'Cayenne'),
	(103, 101, 'Cayman'),
	(104, 101, 'Panamera'),
	(105, 101, 'Macan'),
	(106, 119, '4 Runner'),
	(107, 119, 'Avalon'),
	(108, 119, 'Camry'),
	(109, 119, 'Corolla'),
	(110, 119, 'Corona'),
	(111, 119, 'Hilux'),
	(112, 119, 'Land Cruiser'),
	(113, 119, 'Land Cruiser Prado'),
	(114, 119, 'RAV4'),
	(115, 119, 'Sienna'),
	(116, 119, 'Starlet'),
	(117, 119, 'Tacoma'),
	(118, 119, 'Yaris'),
	(119, 119, 'Tundra'),
	(120, 119, 'Sequoia'),
	(121, 119, 'Highlander'),
	(122, 119, 'Matrix'),
	(123, 119, 'Hiace'),
	(124, 119, 'Coaster'),
	(125, 119, 'Fortuner'),
	(126, 119, 'FJ Cruiser'),
	(127, 119, 'Duet'),
	(128, 119, 'VITZ'),
	(129, 119, 'Scion'),
	(130, 119, 'Platz'),
	(131, 119, 'Venza'),
	(132, 119, 'Passo'),
	(133, 119, 'Town-Ace'),
	(134, 119, 'Prius'),
	(135, 119, 'Monta Carga'),
	(136, 119, 'Ractis'),
	(137, 119, 'Probox'),
	(138, 119, 'Noah'),
	(139, 119, 'Ipsum'),
	(140, 119, 'Belta'),
	(141, 119, 'Lite-Ace'),
	(142, 53, 'Accord'),
	(143, 53, 'Civic'),
	(144, 53, 'CR-V'),
	(145, 53, 'Logo'),
	(146, 53, 'Odyssey'),
	(147, 53, 'Fit'),
	(148, 53, 'Passport'),
	(149, 53, 'Pilot'),
	(150, 53, 'Element'),
	(151, 53, 'VTX'),
	(152, 53, 'CBR'),
	(153, 53, 'TRX'),
	(154, 53, 'Integra'),
	(155, 53, 'CR-Z'),
	(156, 53, 'Insight'),
	(157, 53, 'CBX'),
	(158, 53, 'HR-V'),
	(159, 94, 'Altima'),
	(160, 94, 'Frontier'),
	(161, 94, 'Maxima'),
	(162, 94, 'Pathfinder'),
	(163, 94, 'Patrol'),
	(164, 94, 'Pick Up'),
	(165, 94, 'Quest'),
	(166, 94, 'Sentra'),
	(167, 94, 'Sunny'),
	(168, 94, 'Urvan'),
	(169, 94, 'Xterra'),
	(170, 94, 'X-Trail'),
	(171, 94, 'Terrano'),
	(172, 94, 'Caravan'),
	(173, 94, '350 Z'),
	(174, 94, 'Murano'),
	(175, 94, 'Mistral'),
	(176, 94, 'March'),
	(177, 94, 'Armada'),
	(178, 94, 'Titan'),
	(179, 94, 'TIIDA'),
	(180, 94, 'Navara'),
	(181, 94, 'Almera'),
	(182, 94, 'Teana'),
	(183, 94, 'Qashqai'),
	(184, 94, 'Rogue'),
	(185, 94, 'Versa'),
	(186, 94, '370-Z'),
	(187, 94, 'Vanette'),
	(188, 94, 'Note'),
	(189, 94, 'GT-R'),
	(190, 94, 'Juke'),
	(191, 94, 'Ad Van'),
	(192, 94, 'Civilian'),
	(193, 94, 'Kicks'),
	(194, 4, '156'),
	(195, 4, 'Mito'),
	(196, 4, '159'),
	(197, 115, 'Alto'),
	(198, 115, 'Grand Vitara'),
	(199, 115, 'Jimny'),
	(200, 115, 'Vitara'),
	(201, 115, 'Swift'),
	(202, 115, 'APV'),
	(203, 115, 'SX 4'),
	(204, 115, 'Burgman'),
	(205, 115, 'Forenza'),
	(206, 115, 'Reno'),
	(207, 115, 'Celerio'),
	(208, 115, 'Boulevard'),
	(209, 115, 'XL7-Limited'),
	(210, 115, 'XL7'),
	(211, 115, 'Saiki'),
	(212, 115, 'Kizashi'),
	(213, 115, 'Splash'),
	(214, 115, 'S-Cross'),
	(215, 115, 'Ciaz'),
	(216, 115, 'Every'),
	(217, 31, 'Berlingo'),
	(218, 31, 'DS3'),
	(219, 31, 'DS4'),
	(220, 31, 'C-Elysée'),
	(221, 29, 'Sebring'),
	(222, 29, 'Town  Country'),
	(223, 29, 'Caravan'),
	(224, 29, '300'),
	(225, 29, '200'),
	(226, 76, 'ES'),
	(227, 76, 'GS'),
	(228, 76, 'RX'),
	(229, 76, 'IS'),
	(230, 76, 'GX'),
	(231, 76, 'LS'),
	(232, 76, 'LX'),
	(233, 76, 'IS F'),
	(234, 76, 'NX'),
	(235, 27, 'Avalanche'),
	(236, 27, 'Blazer'),
	(237, 27, 'Camaro'),
	(238, 27, 'Caprice Classic'),
	(239, 27, 'Impala'),
	(240, 27, 'Malibú'),
	(241, 27, 'Geo Prizm'),
	(242, 27, 'Silverado'),
	(243, 27, 'Suburban'),
	(244, 27, 'Tahoe'),
	(245, 27, 'Tracker'),
	(246, 27, 'Trail blazer'),
	(247, 27, 'Venture'),
	(248, 27, 'Corvette'),
	(249, 27, 'Equinox'),
	(250, 27, 'Colorado'),
	(251, 27, 'Aveo'),
	(252, 27, 'Express'),
	(253, 27, 'Optra'),
	(254, 27, 'Spark'),
	(255, 27, 'Captiva'),
	(256, 27, 'Epica'),
	(257, 27, 'CMP'),
	(258, 27, 'HHR'),
	(259, 27, 'Chevy-confort'),
	(260, 27, 'Traverse'),
	(261, 27, 'Astro'),
	(262, 27, 'CMV'),
	(263, 27, 'Cobalt'),
	(264, 27, 'Uplander'),
	(265, 27, 'Cruze'),
	(266, 27, 'Trax'),
	(267, 27, 'Bell Air'),
	(268, 27, 'Sonic'),
	(269, 27, 'N 300'),
	(270, 27, '3100'),
	(271, 27, 'Orlando'),
	(272, 35, 'Atrai'),
	(273, 35, 'Delta'),
	(274, 35, 'Extol'),
	(275, 35, 'Hijet'),
	(276, 35, 'Sirion'),
	(277, 35, 'Terios'),
	(278, 35, 'Volteo'),
	(279, 35, 'Mira'),
	(280, 35, 'Storia'),
	(281, 35, 'Boon'),
	(282, 35, 'Confort'),
	(283, 3, 'Integra'),
	(284, 3, 'NSX'),
	(285, 3, 'RSX'),
	(286, 3, 'T L'),
	(287, 3, 'TSX'),
	(288, 3, 'MDX'),
	(289, 3, 'RDX'),
	(290, 3, 'ZDX'),
	(291, 3, 'TLX'),
	(292, 74, 'Discovery'),
	(293, 74, 'Range Rover'),
	(294, 74, 'Defender'),
	(295, 100, 'Vibes'),
	(296, 18, 'Special'),
	(297, 86, '323'),
	(298, 86, '626'),
	(299, 86, 'Tribute'),
	(300, 86, 'B2500'),
	(301, 86, '6'),
	(302, 86, '3'),
	(303, 86, 'Demio'),
	(304, 86, 'CX-9'),
	(305, 86, 'CX-7'),
	(306, 86, '2'),
	(307, 86, 'BT-50'),
	(308, 86, 'RX-8'),
	(309, 86, '5'),
	(310, 86, 'Verisa'),
	(311, 86, 'CX-5'),
	(312, 86, 'CX-3'),
	(313, 86, 'Premacy'),
	(314, 96, '206'),
	(315, 96, '307'),
	(316, 96, '405'),
	(317, 96, '607'),
	(318, 96, 'Partner'),
	(319, 96, '407'),
	(320, 96, '-'),
	(321, 96, '3008'),
	(322, 96, '308'),
	(323, 96, '301'),
	(324, 96, '208'),
	(325, 96, '508'),
	(326, 96, '2008'),
	(327, 56, 'Elantra'),
	(328, 56, 'Galloper'),
	(329, 56, 'H-100'),
	(330, 56, 'Matrix'),
	(331, 56, 'Santa Fe'),
	(332, 56, 'Sonata'),
	(333, 56, 'Accent'),
	(334, 56, 'HD'),
	(335, 56, 'HD 65'),
	(336, 56, 'Porter'),
	(337, 56, 'H 1'),
	(338, 56, 'Tucson'),
	(339, 56, 'Veracruz'),
	(340, 56, 'STAREX'),
	(341, 56, 'i 10'),
	(342, 56, 'Aero Space'),
	(343, 56, 'XG 350'),
	(344, 56, 'Genesis'),
	(345, 56, 'HD-50'),
	(346, 56, 'Veloster'),
	(347, 56, 'Avante'),
	(348, 56, 'Grandeur'),
	(349, 56, 'Porter II'),
	(350, 56, 'Aero Town'),
	(351, 56, 'Grand Santa Fe'),
	(352, 56, 'Grand I 10'),
	(353, 56, 'i 20'),
	(354, 56, 'Cantus'),
	(355, 56, 'H350'),
	(356, 123, 'Beetle'),
	(357, 123, 'Golf'),
	(358, 123, 'Jetta'),
	(359, 123, 'Passat'),
	(360, 123, 'Polo'),
	(361, 123, 'Touareg'),
	(362, 123, 'Bora'),
	(363, 123, 'Crossfox'),
	(364, 123, 'Tiguan'),
	(365, 123, 'Amarok'),
	(366, 123, 'GTI'),
	(367, 123, 'Phaeton'),
	(368, 60, 'Camion'),
	(369, 60, 'Kb'),
	(370, 60, 'Rodeo'),
	(371, 60, 'Trooper'),
	(372, 60, 'Volteo'),
	(373, 60, 'DMAX'),
	(374, 60, 'ELF'),
	(375, 60, 'FTR'),
	(376, 60, 'NQR'),
	(377, 60, 'NPR'),
	(378, 60, 'CXZ'),
	(379, 60, 'Mux'),
	(380, 60, 'QKR'),
	(381, 60, 'NMR'),
	(382, 60, 'NPS'),
	(383, 60, 'REWARD'),
	(384, 44, 'Econoline'),
	(385, 44, 'Escape'),
	(386, 44, 'Explorer'),
	(387, 44, 'F 150'),
	(388, 44, 'Focus'),
	(389, 44, 'Mercury'),
	(390, 44, 'Mustang'),
	(391, 44, 'Ranger'),
	(392, 44, 'Taurus'),
	(393, 44, 'Transit'),
	(394, 44, 'Expedition'),
	(395, 44, 'F 350'),
	(396, 44, 'F 250'),
	(397, 44, 'E-350'),
	(398, 44, 'Excursion'),
	(399, 44, 'Everest'),
	(400, 44, 'Thunderbird'),
	(401, 44, 'EDGE'),
	(402, 44, 'F800'),
	(403, 44, 'E-150'),
	(404, 44, 'E-250'),
	(405, 44, 'Custom'),
	(406, 44, 'Crown Victoria'),
	(407, 44, 'Fusion'),
	(408, 44, 'Grua'),
	(409, 44, 'F-450'),
	(410, 44, 'Fiesta'),
	(411, 44, 'Flex'),
	(412, 44, 'E-450'),
	(413, 44, 'F 550'),
	(414, 38, 'Caravan'),
	(415, 38, 'Ram'),
	(416, 38, 'Durango'),
	(417, 38, 'Dakota'),
	(418, 38, 'Grand Caravan'),
	(419, 38, 'Charger'),
	(420, 38, 'Caliber'),
	(421, 38, 'Nitro'),
	(422, 38, 'Journey'),
	(423, 38, 'Challenger'),
	(424, 38, 'Avenger'),
	(425, 38, 'Dart'),
	(426, 49, 'Envoy'),
	(427, 49, 'Sierra'),
	(428, 49, 'Yukon'),
	(429, 49, 'C-10'),
	(430, 49, 'C-5500'),
	(431, 49, 'Acadia'),
	(432, 49, 'Grua'),
	(433, 49, 'Sabana'),
	(434, 46, 'FLD'),
	(435, 46, 'M2'),
	(436, 46, 'FL 70'),
	(437, 46, 'Camion'),
	(438, 46, 'Autobus'),
	(439, 46, 'FL-80'),
	(440, 46, 'M2-106'),
	(441, 46, 'Columbia'),
	(442, 46, 'Cabezote'),
	(443, 71, 'Carens'),
	(444, 71, 'Carnival'),
	(445, 71, 'Optima'),
	(446, 71, 'Rio'),
	(447, 71, 'Sportage'),
	(448, 71, 'Sorento'),
	(449, 71, 'Picanto'),
	(450, 71, 'Opirus'),
	(451, 71, 'Soul'),
	(452, 71, 'Cerato'),
	(453, 71, 'Bongo'),
	(454, 71, 'K-2700'),
	(455, 71, 'K-5'),
	(456, 71, 'Sedona'),
	(457, 71, 'Lotze'),
	(458, 71, 'K-7'),
	(459, 71, 'Forte'),
	(460, 71, 'Force'),
	(461, 71, 'Morning'),
	(462, 71, 'Ray'),
	(463, 36, '510'),
	(464, 57, 'G-35'),
	(465, 57, 'FX-35'),
	(466, 57, 'FQ-56'),
	(467, 57, 'QX-56'),
	(468, 57, 'G-37'),
	(469, 57, 'EX-35'),
	(470, 57, 'J-30'),
	(471, 57, 'QX-80'),
	(472, 57, 'Q-50'),
	(473, 57, 'QX-70'),
	(474, 57, 'Q-70S'),
	(475, 57, 'QX-60'),
	(476, 57, 'FX-37'),
	(477, 57, 'F35'),
	(478, 57, 'Qx30'),
	(479, 125, 'S 60'),
	(480, 125, 'S 40'),
	(481, 125, 'XC90'),
	(482, 125, 'XC 60'),
	(483, 125, 'S 90'),
	(484, 34, 'Damas'),
	(485, 34, 'Labo'),
	(486, 43, 'Ducato'),
	(487, 43, 'Siena'),
	(488, 43, '500'),
	(489, 112, 'Musso'),
	(490, 112, 'Rexton'),
	(491, 112, 'Actyon'),
	(492, 112, 'Korando'),
	(493, 48, 'Tracker'),
	(494, 78, 'Navigator'),
	(495, 78, 'Town Car'),
	(496, 78, 'MKX'),
	(497, 114, 'Impreza'),
	(498, 114, 'Legacy'),
	(499, 114, 'Forester'),
	(500, 114, 'Outback'),
	(501, 114, 'Tribeca'),
	(502, 114, 'XV'),
	(503, 114, 'BRZ'),
	(504, 65, 'Cherokee'),
	(505, 65, 'Grand Cherokee'),
	(506, 65, 'Liberty'),
	(507, 65, 'Wrangler'),
	(508, 65, 'Wagoneer'),
	(509, 65, 'Compass'),
	(510, 65, 'Patriot'),
	(511, 65, 'Sahara'),
	(512, 65, 'Rubicon'),
	(513, 65, 'Comander'),
	(514, 65, 'Renegade'),
	(515, 82, 'Camion'),
	(516, 82, 'Vision'),
	(517, 82, 'RB'),
	(518, 82, 'MS 300'),
	(519, 82, 'RD'),
	(520, 82, 'DM 690 sx'),
	(521, 82, 'CH 613'),
	(522, 82, 'R-600'),
	(523, 82, 'Granite'),
	(524, 82, 'Grua'),
	(525, 59, 'Camion'),
	(526, 59, 'Grua'),
	(527, 59, 'PAYSTAR 5000'),
	(528, 59, 'BUS'),
	(529, 59, '4300'),
	(530, 59, '4900'),
	(531, 59, '4700'),
	(532, 59, '4400'),
	(533, 59, '466'),
	(534, 59, '2674 6x4'),
	(535, 59, 'Camion Grua'),
	(536, 105, 'Cabezote 360'),
	(537, 70, 'T-800'),
	(538, 70, 'T300'),
	(539, 89, 'Mariner'),
	(540, 108, 'León'),
	(541, 42, 'Spider'),
	(542, 42, 'F-430'),
	(543, 42, '458'),
	(544, 41, 'Hypermotard'),
	(545, 41, 'Scrambler'),
	(546, 69, 'Ninja'),
	(547, 69, 'Vulcan'),
	(548, 69, 'Z X'),
	(549, 69, '1200 stx-12f'),
	(550, 69, 'Teryx'),
	(551, 69, 'Ultra 250 x'),
	(552, 69, 'Z-800'),
	(553, 126, 'WR'),
	(554, 126, 'Raptor'),
	(555, 126, 'YZ 250'),
	(556, 126, 'Wave Runner'),
	(557, 126, 'Grizzly'),
	(558, 126, 'YZF-R1'),
	(559, 126, 'FX'),
	(560, 126, 'FZ'),
	(561, 126, 'Star'),
	(562, 126, 'FZS'),
	(563, 126, 'Stratoliner'),
	(564, 73, 'Huracan'),
	(565, 51, 'Sportster'),
	(566, 51, 'FLH'),
	(567, 51, 'Road King'),
	(568, 51, 'Custom'),
	(569, 54, 'H 2'),
	(570, 54, 'H 1'),
	(571, 54, 'H3'),
	(572, 90, '3'),
	(573, 90, '350'),
	(574, 90, 'GS'),
	(575, 90, '360'),
	(576, 23, '416 C'),
	(577, 23, '420-D'),
	(578, 23, 'D5M'),
	(579, 23, '928G'),
	(580, 104, 'Renault'),
	(581, 104, 'SM5'),
	(582, 99, 'RZR'),
	(583, 99, 'Scrambler'),
	(584, 99, '800'),
	(585, 99, 'RZR 800'),
	(586, 99, 'RZR X P 1000'),
	(587, 91, 'Cooper'),
	(588, 28, 'Confort'),
	(589, 28, 'Pick Up'),
	(590, 84, 'Quattroporte'),
	(591, 84, 'Levante'),
	(592, 25, 'Alsvin'),
	(593, 25, 'CH'),
	(594, 107, 'RXP'),
	(595, 107, 'GTX'),
	(596, 107, 'WAKE'),
	(597, 107, 'RXT'),
	(598, 107, 'Challenger 230 SE'),
	(599, 107, 'SPark'),
	(600, 9, 'Continental'),
	(601, 9, 'Bentayga'),
	(602, 67, 'JX1032D'),
	(603, 67, 'JX1043DB2'),
	(604, 67, 'JX1043DL2'),
	(605, 67, 'JX1052TG2'),
	(606, 67, 'JX1090TK23'),
	(607, 67, 'JX1090TRA23'),
	(608, 67, 'JX1021D'),
	(609, 67, 'JX1021DSJ'),
	(610, 67, 'JX1021DSH'),
	(611, 67, 'Windong Mini Truck'),
	(612, 67, 'Windong Mini Truck Doble Cabina'),
	(613, 67, 'Windong Cargo Box'),
	(614, 67, 'Windong Mini Van 7 pasajeros'),
	(615, 61, 'Cama Larga'),
	(616, 61, 'Refine'),
	(617, 61, 'HFC-1040'),
	(618, 61, 'S2'),
	(619, 61, 'HFC-1048K'),
	(620, 95, 'Camion'),
	(621, 39, 'Mini Truck'),
	(622, 39, 'Minivan'),
	(623, 39, 'Cargo Box'),
	(624, 39, 'ZNA'),
	(625, 39, 'AX7'),
	(626, 26, 'tiggo'),
	(627, 37, 'Cargo Van'),
	(628, 37, 'A 30'),
	(629, 32, 'Golf Car'),
	(630, 17, 'Buggi'),
	(631, 22, '821 C'),
	(632, 66, 'Haise'),
	(633, 58, '1000 AMP'),
	(634, 58, 'DD 110'),
	(635, 58, 'DA 28'),
	(636, 16, 'SP 400'),
	(637, 13, '773'),
	(638, 106, 'FOX'),
	(639, 52, 'FG'),
	(640, 52, 'WU-300 L'),
	(641, 52, 'Volteo'),
	(642, 52, '145'),
	(643, 52, '268'),
	(644, 52, 'W-711'),
	(645, 52, 'W-710'),
	(646, 45, 'View'),
	(647, 55, 'TE E310'),
	(648, 55, '450cc'),
	(649, 63, 'Trailer'),
	(650, 120, 'ATB'),
	(651, 120, 'Cola'),
	(652, 103, 'Phamtom'),
	(653, 103, 'Corniche'),
	(654, 127, 'ATV'),
	(655, 79, 'LX 200GY -3'),
	(656, 10, 'PF-3200'),
	(657, 15, 'FSV'),
	(658, 15, 'V3'),
	(659, 97, 'Bugracer'),
	(660, 77, '320'),
	(661, 93, 'B-95'),
	(662, 19, 'S6'),
	(663, 19, 'F0'),
	(664, 113, 'Sterlin'),
	(665, 85, 'V80'),
	(666, 64, '214-E'),
	(667, 64, '3C'),
	(668, 81, 'Suv'),
	(669, 81, 'U7 22T'),
	(670, 21, 'Spyder'),
	(671, 21, 'Canmarder  800'),
	(672, 21, 'Maverick'),
	(673, 33, 'Utiliy'),
	(674, 33, 'Trebol'),
	(675, 124, 'Cola'),
	(676, 75, '6-HC'),
	(677, 11, 'Auto Bus'),
	(678, 14, 'Pesca'),
	(679, 14, 'Placer'),
	(680, 14, 'De Recreo'),
	(681, 80, 'Elise'),
	(682, 109, 'Minitruk'),
	(683, 109, 'X30'),
	(684, 109, 'A-9 Cargo'),
	(685, 6, 'Wildcat'),
	(686, 111, 'Passion ForTwo'),
	(687, 122, '150 Super'),
	(688, 118, '3800 OPEN'),
	(689, 50, 'XML'),
	(690, 47, 'Way Cargo'),
	(691, 24, '550'),
	(692, 117, 'Built Buses'),
	(693, 87, '650S'),
	(694, 87, '570 S Coupe'),
	(695, 121, 'Motorcycles'),
	(696, 30, '42 Pies'),
	(697, 40, '28ZX'),
	(698, 7, 'DB11'),
	(699, 116, 'P90D'),
	(700, 98, 'Fire Truck'),
	(701, 83, 'MLT'),
	(702, 5, 'Grand Tiger'),
	(703, 68, 'Revero'),
	(704, 72, 'Palla'),
	(705, 128, 'Calibra'),
	(706, 119, 'Supra');
/*!40000 ALTER TABLE `models` ENABLE KEYS */;

-- Dumping data for table smart-garage.password_reset_token: ~0 rows (approximately)
DELETE FROM `password_reset_token`;
/*!40000 ALTER TABLE `password_reset_token` DISABLE KEYS */;
/*!40000 ALTER TABLE `password_reset_token` ENABLE KEYS */;

-- Dumping data for table smart-garage.service_categories: ~5 rows (approximately)
DELETE FROM `service_categories`;
/*!40000 ALTER TABLE `service_categories` DISABLE KEYS */;
INSERT INTO `service_categories` (`category_id`, `name`) VALUES
	(1, 'General Maintenance'),
	(2, 'Tire Services'),
	(3, 'Transmission Services'),
	(4, 'Engine Services'),
	(5, 'More Repair Services');
/*!40000 ALTER TABLE `service_categories` ENABLE KEYS */;

-- Dumping data for table smart-garage.service_types: ~48 rows (approximately)
DELETE FROM `service_types`;
/*!40000 ALTER TABLE `service_types` DISABLE KEYS */;
INSERT INTO `service_types` (`service_type_id`, `name`, `category_id`) VALUES
	(1, 'Oil Changes', 1),
	(2, 'Tune Ups', 1),
	(3, 'Filter Replacements', 1),
	(4, 'Safety & Emissions Inspections', 1),
	(5, 'Windshield Wiper Blades', 1),
	(6, 'Fluid Services', 1),
	(7, 'Trip Inspections', 1),
	(8, 'Maintenance Inspections', 1),
	(9, 'Check Engine Light Diagnostics', 1),
	(10, 'Tire Rotation', 2),
	(11, 'Tire Mounting', 2),
	(12, 'Tire Balancing', 2),
	(13, 'Flat Tire Repair', 2),
	(14, 'Tire Replacement', 2),
	(15, 'Wheel Alignment', 2),
	(16, 'Wheel Repair & Replacement', 2),
	(17, 'Transmission Service & Repair', 3),
	(18, 'New & Rebuilt Transmissions', 3),
	(19, 'Driveline Maintenance & Repair', 3),
	(20, 'Axle Replacement', 3),
	(21, 'Differential Service & Repair', 3),
	(22, 'Clutch Repair & Replacement', 3),
	(23, 'Engine Repair', 4),
	(24, 'Engine Replacement', 4),
	(25, 'Engine Performance Check', 4),
	(26, 'Belt & Hose Replacement', 4),
	(27, 'Drivability Diagnostics & Repair', 4),
	(28, 'Fuel Injection Service & Repair', 4),
	(29, 'Fuel System Maintenance & Repair', 4),
	(30, 'Ignition System Maintenance & Repair', 4),
	(31, 'Electronic Troubleshooting', 5),
	(32, 'Computer Diagnostics', 5),
	(33, 'Air Conditioning Service & Repair', 5),
	(34, 'Electrical System Diagnosis & Repair', 5),
	(35, 'Brake Repair', 5),
	(36, 'Suspension & Steering Repair', 5),
	(37, 'Shocks & Struts', 5),
	(38, 'Cooling System Service & Repair', 5),
	(39, 'Exhaust Systems & Mufflers', 5),
	(40, 'Custom Exhaust', 5),
	(41, 'Pre-Purchase Inspections', 5),
	(42, 'Brake & Lamp Inspections', 5),
	(43, 'Fleet Services', 5),
	(44, 'Hybrid Services', 5),
	(45, 'Chassis & Suspension', 5),
	(46, 'Power Steering Repair', 5),
	(47, 'Body & Trim Repairs (Mirrors, Door Handles, Locks)', 5),
	(48, 'Power Accessory Repair', 5);
/*!40000 ALTER TABLE `service_types` ENABLE KEYS */;

-- Dumping data for table smart-garage.users: ~10 rows (approximately)
DELETE FROM `users`;
/*!40000 ALTER TABLE `users` DISABLE KEYS */;
INSERT INTO `users` (`user_id`, `username`, `email`, `password`, `phone_number`, `role_id`, `reset_password_token`) VALUES
	(1, 'admin', 'admin@admin.admin', 'admin', '0888888888', 2, NULL),
	(2, 'kiro_mirov', 'kiromirov35@gmail.com', 'password1!', '0888151515', 1, NULL),
	(3, 'nikolay_nikolaev', 'ncb120@yahoo.com', 'password1!', '0885945665', 1, NULL),
	(4, 'marina_marinov', 'm_n_m@gmail.som', 'password1!', '0878464948', 1, NULL),
	(5, 'gospodin_gospodinov', 'gg_gospod@gmail.com', 'password1!', '0884121212', 1, NULL),
	(6, 'pesho_petrov', 'p.ptr@yahoo.com', 'password1!', '0898151515', 1, NULL),
	(7, 'hristo_petrov', 'hazarta@uspurt.com', 'password1!', '0877545454', 1, NULL),
	(8, 'dimitar_marinov', 'pishtov@mitio.com', 'password1!', '0985959595', 1, NULL),
	(9, 'andrey_andreev', 'az.buki.vedi@glagoli.dobro', 'password1!', '0887111111', 1, NULL),
	(10, 'zahari_gryncharov', 'travel@find.in', 'password1!', '0899123456', 1, NULL);
/*!40000 ALTER TABLE `users` ENABLE KEYS */;

-- Dumping data for table smart-garage.user_roles: ~2 rows (approximately)
DELETE FROM `user_roles`;
/*!40000 ALTER TABLE `user_roles` DISABLE KEYS */;
INSERT INTO `user_roles` (`role_id`, `name`) VALUES
	(1, 'Customer'),
	(2, 'Employee');
/*!40000 ALTER TABLE `user_roles` ENABLE KEYS */;

-- Dumping data for table smart-garage.vehicles: ~8 rows (approximately)
DELETE FROM `vehicles`;
/*!40000 ALTER TABLE `vehicles` DISABLE KEYS */;
INSERT INTO `vehicles` (`vehicle_id`, `model_id`, `owner_id`, `license_plate`, `vin`, `year_of_creation`) VALUES
	(6, 102, 2, 'CB1111AA', 'JNKCV54E46M706213', '2022-04-19 00:00:00'),
	(7, 195, 3, 'CB2222AA', '1GCDC14K2LE198114', '2022-04-26 00:00:00'),
	(8, 652, 4, 'CB3333AA', '1LNHM81V87Y600143', '2022-04-26 00:00:00'),
	(9, 25, 8, 'CB2332CB', 'JH4NA1150RT000268', '2021-06-02 00:00:00'),
	(10, 600, 5, 'CB1111CB', 'JH4NA1150RT000263', '2020-06-09 00:00:00'),
	(11, 698, 5, 'CB4434AA', '1XPWDBTX48D766660', '2022-04-26 00:00:00'),
	(12, 705, 6, 'CB1734AA', '3VWDZ7AJ7BM373945', '2022-04-26 00:00:00'),
	(13, 706, 7, 'CB4834AA', '2G1WD57C491198247', '2022-04-26 00:00:00');
/*!40000 ALTER TABLE `vehicles` ENABLE KEYS */;

/*!40101 SET SQL_MODE=IFNULL(@OLD_SQL_MODE, '') */;
/*!40014 SET FOREIGN_KEY_CHECKS=IFNULL(@OLD_FOREIGN_KEY_CHECKS, 1) */;
/*!40101 SET CHARACTER_SET_CLIENT=@OLD_CHARACTER_SET_CLIENT */;
/*!40111 SET SQL_NOTES=IFNULL(@OLD_SQL_NOTES, 1) */;
